hotel,week,bookings,predicted,actual
City Hotel,2016-12-26,102,41.5038001512442,39
City Hotel,2017-01-02,539,193.10853264446976,230
City Hotel,2017-01-09,528,227.2911548215459,251
City Hotel,2017-01-16,547,199.1054488679887,211
City Hotel,2017-01-23,558,274.4161953981451,287
City Hotel,2017-01-30,535,209.78834554615727,215
City Hotel,2017-02-06,549,225.41385421294967,223
City Hotel,2017-02-13,642,216.35259591298797,222
City Hotel,2017-02-20,811,253.49275582177893,300
City Hotel,2017-02-27,707,295.8612090858966,285
City Hotel,2017-03-06,683,230.81178654515168,231
City Hotel,2017-03-13,856,360.5053358528508,342
City Hotel,2017-03-20,773,300.7040741877695,291
City Hotel,2017-03-27,678,240.28953674974397,214
City Hotel,2017-04-03,999,493.10864912970635,510
City Hotel,2017-04-10,870,371.1822665600544,407
City Hotel,2017-04-17,849,404.1851954995694,413
City Hotel,2017-04-24,1029,504.2559786248298,540
City Hotel,2017-05-01,1067,497.3401758078125,546
City Hotel,2017-05-08,910,353.28910939654253,368
City Hotel,2017-05-15,1189,656.713372572785,681
City Hotel,2017-05-22,991,417.7744607893719,430
City Hotel,2017-05-29,936,428.5486617497456,441
City Hotel,2017-06-05,994,475.5122421818427,479
City Hotel,2017-06-12,852,391.72430804504273,378
City Hotel,2017-06-19,861,372.93448014177454,358
City Hotel,2017-06-26,897,421.4646058797343,406
City Hotel,2017-07-03,882,348.73923889432206,334
City Hotel,2017-07-10,869,313.424231670923,313
City Hotel,2017-07-17,710,273.12162038710574,243
City Hotel,2017-07-24,791,319.7785503742634,329
City Hotel,2017-07-31,703,256.2264278101241,251
City Hotel,2017-08-07,715,263.4923212795541,273
City Hotel,2017-08-14,797,307.0765096266179,332
City Hotel,2017-08-21,678,205.77593041927292,206
City Hotel,2017-08-28,349,109.74561899007895,101
Resort Hotel,2016-12-26,25,5.945810381503392,10
Resort Hotel,2017-01-02,262,47.09718742450832,49
Resort Hotel,2017-01-09,247,35.82806574128072,38
Resort Hotel,2017-01-16,345,59.19753836356174,46
Resort Hotel,2017-01-23,336,49.191817339705686,51
Resort Hotel,2017-01-30,301,47.96619207734304,51
Resort Hotel,2017-02-06,372,79.96851718812269,95
Resort Hotel,2017-02-13,449,90.57988374332253,105
Resort Hotel,2017-02-20,460,81.85589765379368,117
Resort Hotel,2017-02-27,404,94.64137169028277,101
Resort Hotel,2017-03-06,364,95.59821534336335,104
Resort Hotel,2017-03-13,339,80.13012972799851,81
Resort Hotel,2017-03-20,240,64.4991657462866,51
Resort Hotel,2017-03-27,365,111.77136317578734,105
Resort Hotel,2017-04-03,439,132.96244680704655,144
Resort Hotel,2017-04-10,438,114.45072246051242,163
Resort Hotel,2017-04-17,381,67.89527512502924,86
Resort Hotel,2017-04-24,420,80.88562540047496,128
Resort Hotel,2017-05-01,403,101.61919475652745,146
Resort Hotel,2017-05-08,388,78.56884804423424,110
Resort Hotel,2017-05-15,322,69.75977417411748,82
Resort Hotel,2017-05-22,481,117.38782517624824,144
Resort Hotel,2017-05-29,467,155.54451607240728,183
Resort Hotel,2017-06-05,380,100.65742539394454,129
Resort Hotel,2017-06-12,376,103.75344931371627,156
Resort Hotel,2017-06-19,364,106.78978705692869,137
Resort Hotel,2017-06-26,396,108.40385441878668,150
Resort Hotel,2017-07-03,362,112.25165388287608,122
Resort Hotel,2017-07-10,425,111.47965461691076,146
Resort Hotel,2017-07-17,367,115.65808816064828,146
Resort Hotel,2017-07-24,392,116.52416121583305,156
Resort Hotel,2017-07-31,443,137.3134041565484,188
Resort Hotel,2017-08-07,374,109.723350411561,130
Resort Hotel,2017-08-14,444,128.49365782504276,183
Resort Hotel,2017-08-21,392,111.34034875898361,142
Resort Hotel,2017-08-28,210,52.50129285607096,79
